{
  "project_info": {
    "project_number": "138104160697",
    "firebase_url": "https://squawker-110aa.firebaseio.com",
    "project_id": "squawker-110aa",
    "storage_bucket": "squawker-110aa.appspot.com"
  },
  "client": [
    {
      "client_info": {
        "mobilesdk_app_id": "1:138104160697:android:7c8f415eecbd946907f668",
        "android_client_info": {
          "package_name": "android.example.com.squawker"
        }
      },
      "oauth_client": [
        {
          "client_id": "138104160697-gdnbjadubef7kudhcu41feknh440ln8l.apps.googleusercontent.com",
          "client_type": 3
        }
      ],
      "api_key": [
        {
          "current_key": "AIzaSyAU3V6GZ2ONYixaHk0khdY8Bnehs-T71h8"
        }
      ],
      "services": {
        "appinvite_service": {
          "other_platform_oauth_client": [
            {
              "client_id": "138104160697-gdnbjadubef7kudhcu41feknh440ln8l.apps.googleusercontent.com",
              "client_type": 3
            }
          ]
        }
      }
    }
  ],
  "configuration_version": "1"
}
